filename,sensor,filter_type,order,band_idx,band_label,rms,peak,crest_factor,zcr,band_power,spectral_centroid
G80_8_3_0_AccAxial4507.wav,AccAxial4507,Bessel,3,0,176–225 Hz,0.000112,0.002443,13.607031,203.32741,0.0,202.940401
G80_8_3_0_AccAxial4507.wav,AccAxial4507,Bessel,3,1,225–283 Hz,0.000135,0.002619,14.03089,251.319797,0.0,250.305947
G80_8_3_0_AccAxial4507.wav,AccAxial4507,Bessel,3,2,283–353 Hz,0.000105,0.00216,13.342615,316.191942,0.0,317.726027
G80_8_3_0_AccAxial4507.wav,AccAxial4507,Bessel,3,3,353–440 Hz,0.00012,0.002317,12.419466,394.545394,0.0,392.045341
G80_8_3_0_AccAxial4507.wav,AccAxial4507,Bessel,3,4,440–565 Hz,0.000139,0.002606,13.21099,502.08178,0.0,498.965838
G80_8_3_0_AccAxial4507.wav,AccAxial4507,Bessel,3,5,565–707 Hz,0.000146,0.002383,12.5006,629.872937,0.0,628.837047
G80_8_3_0_AccAxial4507.wav,AccAxial4507,Bessel,3,6,707–880 Hz,0.000192,0.002177,10.091438,786.961092,0.0,785.098866
G80_8_3_0_AccAxial4507.wav,AccAxial4507,Bessel,3,7,880–1130 Hz,0.00039,0.002678,7.994252,1029.779291,0.0,1026.497431
G80_8_3_0_AccAxial4507.wav,AccAxial4507,Bessel,3,8,1130–1414 Hz,0.000354,0.002625,7.640282,1240.292668,0.0,1238.006076
G80_8_3_0_AccAxial4507.wav,AccAxial4507,Bessel,3,9,1414–1760 Hz,0.000706,0.004114,7.045644,1602.316051,1e-06,1600.65205
G80_8_3_0_AccAxial4507.wav,AccAxial4507,Bessel,3,10,1760–2220 Hz,0.000779,0.004317,6.559976,1976.062921,1e-06,1970.984032
G80_8_3_0_AccAxial4507.wav,AccAxial4507,Bessel,3,11,10–1000 Hz,0.001262,0.029245,15.414111,343.662369,1e-06,224.153413
G80_8_3_0_AccAxial4507.wav,AccAxial4507,Bessel,3,12,10–2000 Hz,0.001689,0.038147,14.734291,690.493502,2e-06,542.014515
G80_8_3_0_AccAxial4507.wav,AccAxial4507,Bessel,3,13,500–1500 Hz,0.000688,0.00921,12.248198,953.375847,1e-06,911.591254
G80_8_3_0_AccAxial4507.wav,AccAxial4507,Bessel,3,14,1000–2000 Hz,0.000945,0.00826,8.904467,1555.486169,2e-06,1545.080952
G80_8_3_0_AccAxial4507.wav,AccAxial4507,Bessel,5,0,176–225 Hz,0.000102,0.002066,12.387411,201.978967,0.0,201.588437
G80_8_3_0_AccAxial4507.wav,AccAxial4507,Bessel,5,1,225–283 Hz,0.000125,0.002256,12.828994,251.494798,0.0,250.841122
G80_8_3_0_AccAxial4507.wav,AccAxial4507,Bessel,5,2,283–353 Hz,9.6e-05,0.001835,12.559199,315.959129,0.0,317.478791
G80_8_3_0_AccAxial4507.wav,AccAxial4507,Bessel,5,3,353–440 Hz,0.000109,0.001952,11.44528,394.378206,0.0,391.935466
G80_8_3_0_AccAxial4507.wav,AccAxial4507,Bessel,5,4,440–565 Hz,0.000127,0.00216,12.135285,500.95365,0.0,498.328686
G80_8_3_0_AccAxial4507.wav,AccAxial4507,Bessel,5,5,565–707 Hz,0.000134,0.001902,11.257665,630.219813,0.0,628.977348
G80_8_3_0_AccAxial4507.wav,AccAxial4507,Bessel,5,6,707–880 Hz,0.000177,0.00178,9.237726,787.604844,0.0,785.717885
G80_8_3_0_AccAxial4507.wav,AccAxial4507,Bessel,5,7,880–1130 Hz,0.000355,0.002382,7.941073,1017.812053,0.0,1015.71208
G80_8_3_0_AccAxial4507.wav,AccAxial4507,Bessel,5,8,1130–1414 Hz,0.00032,0.002418,7.647853,1243.514556,0.0,1242.012037
G80_8_3_0_AccAxial4507.wav,AccAxial4507,Bessel,5,9,1414–1760 Hz,0.000666,0.003788,6.814466,1595.361335,1e-06,1593.521615
G80_8_3_0_AccAxial4507.wav,AccAxial4507,Bessel,5,10,1760–2220 Hz,0.000733,0.003863,6.261403,1981.361381,1e-06,1977.688075
G80_8_3_0_AccAxial4507.wav,AccAxial4507,Bessel,5,11,10–1000 Hz,0.00117,0.028401,15.924305,277.787095,1e-06,176.095662
G80_8_3_0_AccAxial4507.wav,AccAxial4507,Bessel,5,12,10–2000 Hz,0.001522,0.036145,15.107269,598.324368,2e-06,454.540603
G80_8_3_0_AccAxial4507.wav,AccAxial4507,Bessel,5,13,500–1500 Hz,0.000627,0.00826,12.238822,924.535102,1e-06,892.764956
G80_8_3_0_AccAxial4507.wav,AccAxial4507,Bessel,5,14,1000–2000 Hz,0.000842,0.007402,8.908091,1532.193884,2e-06,1524.867861
G80_8_3_0_AccAxial4507.wav,AccAxial4507,Bessel,7,0,176–225 Hz,9.1e-05,0.001688,11.756412,201.347714,0.0,200.907668
G80_8_3_0_AccAxial4507.wav,AccAxial4507,Bessel,7,1,225–283 Hz,0.000114,0.001909,12.155042,251.821362,0.0,251.064128
G80_8_3_0_AccAxial4507.wav,AccAxial4507,Bessel,7,2,283–353 Hz,8.8e-05,0.001572,11.833717,315.943504,0.0,317.249597
G80_8_3_0_AccAxial4507.wav,AccAxial4507,Bessel,7,3,353–440 Hz,0.000102,0.001775,10.965733,394.23758,0.0,392.00406
G80_8_3_0_AccAxial4507.wav,AccAxial4507,Bessel,7,4,440–565 Hz,0.000121,0.002012,11.72578,500.534898,0.0,498.136648
G80_8_3_0_AccAxial4507.wav,AccAxial4507,Bessel,7,5,565–707 Hz,0.000127,0.001903,11.490464,630.243251,0.0,629.212501
G80_8_3_0_AccAxial4507.wav,AccAxial4507,Bessel,7,6,707–880 Hz,0.000166,0.001696,9.193727,787.73922,0.0,786.014646
G80_8_3_0_AccAxial4507.wav,AccAxial4507,Bessel,7,7,880–1130 Hz,0.000331,0.002071,7.683569,1011.455777,0.0,1010.668727
G80_8_3_0_AccAxial4507.wav,AccAxial4507,Bessel,7,8,1130–1414 Hz,0.000295,0.002048,7.287806,1246.447381,0.0,1245.301791
G80_8_3_0_AccAxial4507.wav,AccAxial4507,Bessel,7,9,1414–1760 Hz,0.000638,0.0035,6.601764,1591.919133,1e-06,1589.744729
G80_8_3_0_AccAxial4507.wav,AccAxial4507,Bessel,7,10,1760–2220 Hz,0.0007,0.003529,6.08339,1983.414514,1e-06,1980.534117
G80_8_3_0_AccAxial4507.wav,AccAxial4507,Bessel,7,11,10–1000 Hz,0.001021,0.023538,15.250651,241.647882,1e-06,157.000707
G80_8_3_0_AccAxial4507.wav,AccAxial4507,Bessel,7,12,10–2000 Hz,0.001303,0.030497,14.95203,539.153809,1e-06,398.742983
G80_8_3_0_AccAxial4507.wav,AccAxial4507,Bessel,7,13,500–1500 Hz,0.000582,0.007506,12.153692,915.221001,1e-06,886.696098
G80_8_3_0_AccAxial4507.wav,AccAxial4507,Bessel,7,14,1000–2000 Hz,0.000761,0.006506,8.73347,1518.845391,1e-06,1512.893582
G80_8_3_0_AccAxial4507.wav,AccAxial4507,Butterworth,3,0,176–225 Hz,0.000145,0.003358,14.4442,205.118042,0.0,204.144596
G80_8_3_0_AccAxial4507.wav,AccAxial4507,Butterworth,3,1,225–283 Hz,0.000174,0.003566,14.765818,251.001046,0.0,249.386188
G80_8_3_0_AccAxial4507.wav,AccAxial4507,Butterworth,3,2,283–353 Hz,0.000141,0.003008,13.939459,316.702882,0.0,318.023203
G80_8_3_0_AccAxial4507.wav,AccAxial4507,Butterworth,3,3,353–440 Hz,0.000156,0.003175,13.076211,395.848524,0.0,392.209376
G80_8_3_0_AccAxial4507.wav,AccAxial4507,Butterworth,3,4,440–565 Hz,0.000176,0.003513,13.865946,505.034917,0.0,500.287815
G80_8_3_0_AccAxial4507.wav,AccAxial4507,Butterworth,3,5,565–707 Hz,0.000188,0.003249,13.076456,629.433873,0.0,628.136357
G80_8_3_0_AccAxial4507.wav,AccAxial4507,Butterworth,3,6,707–880 Hz,0.000248,0.003041,10.670455,786.49859,0.0,783.856814
G80_8_3_0_AccAxial4507.wav,AccAxial4507,Butterworth,3,7,880–1130 Hz,0.000515,0.003609,8.040728,1048.226243,1e-06,1042.835477
G80_8_3_0_AccAxial4507.wav,AccAxial4507,Butterworth,3,8,1130–1414 Hz,0.000479,0.003523,7.725628,1231.067629,1e-06,1227.940432
G80_8_3_0_AccAxial4507.wav,AccAxial4507,Butterworth,3,9,1414–1760 Hz,0.00085,0.005266,7.278174,1621.138005,2e-06,1620.01082
G80_8_3_0_AccAxial4507.wav,AccAxial4507,Butterworth,3,10,1760–2220 Hz,0.000947,0.005708,6.978879,1959.694103,2e-06,1951.660438
G80_8_3_0_AccAxial4507.wav,AccAxial4507,Butterworth,3,11,10–1000 Hz,0.00161,0.035099,14.557601,423.52989,1e-06,312.628436
G80_8_3_0_AccAxial4507.wav,AccAxial4507,Butterworth,3,12,10–2000 Hz,0.002248,0.0434,13.093237,853.569182,4e-06,700.835204
G80_8_3_0_AccAxial4507.wav,AccAxial4507,Butterworth,3,13,500–1500 Hz,0.000886,0.012103,12.229523,991.280693,2e-06,940.540612
G80_8_3_0_AccAxial4507.wav,AccAxial4507,Butterworth,3,14,1000–2000 Hz,0.001311,0.011276,8.818496,1600.858233,4e-06,1589.038121
G80_8_3_0_AccAxial4507.wav,AccAxial4507,Butterworth,5,0,176–225 Hz,0.000147,0.003265,13.581344,204.955541,0.0,203.727214
G80_8_3_0_AccAxial4507.wav,AccAxial4507,Butterworth,5,1,225–283 Hz,0.000181,0.003549,13.920226,251.180734,0.0,249.772344
G80_8_3_0_AccAxial4507.wav,AccAxial4507,Butterworth,5,2,283–353 Hz,0.000146,0.002995,13.495381,316.651319,0.0,318.082688
G80_8_3_0_AccAxial4507.wav,AccAxial4507,Butterworth,5,3,353–440 Hz,0.000159,0.003099,12.475089,395.531336,0.0,391.946892
G80_8_3_0_AccAxial4507.wav,AccAxial4507,Butterworth,5,4,440–565 Hz,0.000179,0.003337,13.097891,504.811478,0.0,499.789117
G80_8_3_0_AccAxial4507.wav,AccAxial4507,Butterworth,5,5,565–707 Hz,0.000192,0.00296,11.983071,629.708874,0.0,627.831168
G80_8_3_0_AccAxial4507.wav,AccAxial4507,Butterworth,5,6,707–880 Hz,0.000254,0.002917,10.184059,786.690778,0.0,783.857016
G80_8_3_0_AccAxial4507.wav,AccAxial4507,Butterworth,5,7,880–1130 Hz,0.00053,0.003677,8.146277,1044.785603,1e-06,1039.835919
G80_8_3_0_AccAxial4507.wav,AccAxial4507,Butterworth,5,8,1130–1414 Hz,0.000494,0.00371,7.729357,1229.47231,1e-06,1226.109602
G80_8_3_0_AccAxial4507.wav,AccAxial4507,Butterworth,5,9,1414–1760 Hz,0.000863,0.005387,7.247767,1622.095821,2e-06,1620.875361
G80_8_3_0_AccAxial4507.wav,AccAxial4507,Butterworth,5,10,1760–2220 Hz,0.000969,0.005747,6.905235,1958.972225,2e-06,1951.049221
G80_8_3_0_AccAxial4507.wav,AccAxial4507,Butterworth,5,11,10–1000 Hz,0.001655,0.036303,14.487474,401.000108,1e-06,294.466179
G80_8_3_0_AccAxial4507.wav,AccAxial4507,Butterworth,5,12,10–2000 Hz,0.002266,0.041453,12.465131,867.191113,5e-06,719.263055
G80_8_3_0_AccAxial4507.wav,AccAxial4507,Butterworth,5,13,500–1500 Hz,0.00088,0.012239,12.40189,963.983704,2e-06,920.267539
G80_8_3_0_AccAxial4507.wav,AccAxial4507,Butterworth,5,14,1000–2000 Hz,0.001362,0.011574,8.784679,1602.741053,4e-06,1590.991753
G80_8_3_0_AccAxial4507.wav,AccAxial4507,Butterworth,7,0,176–225 Hz,0.00014,0.002948,13.243041,204.863354,0.0,203.724469
G80_8_3_0_AccAxial4507.wav,AccAxial4507,Butterworth,7,1,225–283 Hz,0.000178,0.003351,13.535617,250.943233,0.0,249.876758
G80_8_3_0_AccAxial4507.wav,AccAxial4507,Butterworth,7,2,283–353 Hz,0.000147,0.002895,13.014039,317.018508,0.0,318.303623
G80_8_3_0_AccAxial4507.wav,AccAxial4507,Butterworth,7,3,353–440 Hz,0.000162,0.003126,12.222126,395.732899,0.0,391.983203
G80_8_3_0_AccAxial4507.wav,AccAxial4507,Butterworth,7,4,440–565 Hz,0.000183,0.003435,12.911916,504.972417,0.0,499.734718
G80_8_3_0_AccAxial4507.wav,AccAxial4507,Butterworth,7,5,565–707 Hz,0.000197,0.003249,12.421358,629.708874,0.0,627.735872
G80_8_3_0_AccAxial4507.wav,AccAxial4507,Butterworth,7,6,707–880 Hz,0.000258,0.003063,10.3507,786.659528,0.0,783.702088
G80_8_3_0_AccAxial4507.wav,AccAxial4507,Butterworth,7,7,880–1130 Hz,0.000537,0.003488,8.02098,1043.605911,1e-06,1039.684455
G80_8_3_0_AccAxial4507.wav,AccAxial4507,Butterworth,7,8,1130–1414 Hz,0.000502,0.003498,7.404652,1228.722307,1e-06,1225.361191
G80_8_3_0_AccAxial4507.wav,AccAxial4507,Butterworth,7,9,1414–1760 Hz,0.00087,0.005356,7.168418,1622.689574,2e-06,1621.933235
G80_8_3_0_AccAxial4507.wav,AccAxial4507,Butterworth,7,10,1760–2220 Hz,0.000981,0.005788,6.914395,1957.644094,2e-06,1949.750739
G80_8_3_0_AccAxial4507.wav,AccAxial4507,Butterworth,7,11,10–1000 Hz,0.001558,0.032969,13.951684,393.092263,1e-06,291.127687
G80_8_3_0_AccAxial4507.wav,AccAxial4507,Butterworth,7,12,10–2000 Hz,0.002158,0.036414,11.799668,879.247414,5e-06,736.155605
G80_8_3_0_AccAxial4507.wav,AccAxial4507,Butterworth,7,13,500–1500 Hz,0.000878,0.012605,12.631637,956.461798,2e-06,913.865131
G80_8_3_0_AccAxial4507.wav,AccAxial4507,Butterworth,7,14,1000–2000 Hz,0.001384,0.011499,8.70633,1604.991062,4e-06,1593.117794
G80_8_3_0_AccAxial4507.wav,AccAxial4507,Chebyshev I,3,0,176–225 Hz,0.000163,0.003797,14.761706,206.35711,0.0,204.962391
G80_8_3_0_AccAxial4507.wav,AccAxial4507,Chebyshev I,3,1,225–283 Hz,0.000185,0.003914,15.136063,250.83542,0.0,248.532068
G80_8_3_0_AccAxial4507.wav,AccAxial4507,Chebyshev I,3,2,283–353 Hz,0.000155,0.003389,14.076803,317.282572,0.0,318.234494
G80_8_3_0_AccAxial4507.wav,AccAxial4507,Chebyshev I,3,3,353–440 Hz,0.000167,0.003496,13.358449,397.704782,0.0,392.738145
G80_8_3_0_AccAxial4507.wav,AccAxial4507,Chebyshev I,3,4,440–565 Hz,0.000188,0.003923,14.330621,508.25368,0.0,503.016867
G80_8_3_0_AccAxial4507.wav,AccAxial4507,Chebyshev I,3,5,565–707 Hz,0.000203,0.003608,13.435257,630.038563,0.0,628.500325
G80_8_3_0_AccAxial4507.wav,AccAxial4507,Chebyshev I,3,6,707–880 Hz,0.000269,0.003379,10.821704,783.976704,0.0,782.629907
G80_8_3_0_AccAxial4507.wav,AccAxial4507,Chebyshev I,3,7,880–1130 Hz,0.000572,0.003971,7.819924,1065.546627,1e-06,1059.238582
G80_8_3_0_AccAxial4507.wav,AccAxial4507,Chebyshev I,3,8,1130–1414 Hz,0.000534,0.00385,7.811814,1226.092609,1e-06,1222.416881
G80_8_3_0_AccAxial4507.wav,AccAxial4507,Chebyshev I,3,9,1414–1760 Hz,0.000908,0.005813,7.445005,1642.70997,2e-06,1641.222604
G80_8_3_0_AccAxial4507.wav,AccAxial4507,Chebyshev I,3,10,1760–2220 Hz,0.001009,0.006224,7.07536,1935.192438,2e-06,1924.662271
G80_8_3_0_AccAxial4507.wav,AccAxial4507,Chebyshev I,3,11,10–1000 Hz,0.001743,0.035131,13.655616,472.017592,2e-06,390.795521
G80_8_3_0_AccAxial4507.wav,AccAxial4507,Chebyshev I,3,12,10–2000 Hz,0.002483,0.042979,12.181936,1005.283876,6e-06,842.900297
G80_8_3_0_AccAxial4507.wav,AccAxial4507,Chebyshev I,3,13,500–1500 Hz,0.000956,0.013119,12.182167,1063.199742,2e-06,996.861109
G80_8_3_0_AccAxial4507.wav,AccAxial4507,Chebyshev I,3,14,1000–2000 Hz,0.00141,0.012163,8.864517,1669.274143,5e-06,1652.650137
G80_8_3_0_AccAxial4507.wav,AccAxial4507,Chebyshev I,5,0,176–225 Hz,0.000151,0.003293,13.394598,205.17898,0.0,204.173821
G80_8_3_0_AccAxial4507.wav,AccAxial4507,Chebyshev I,5,1,225–283 Hz,0.000182,0.003559,13.783466,251.079171,0.0,249.48068
G80_8_3_0_AccAxial4507.wav,AccAxial4507,Chebyshev I,5,2,283–353 Hz,0.000149,0.003036,13.274145,317.179447,0.0,318.149704
G80_8_3_0_AccAxial4507.wav,AccAxial4507,Chebyshev I,5,3,353–440 Hz,0.000161,0.003115,12.418334,396.781341,0.0,392.140087
G80_8_3_0_AccAxial4507.wav,AccAxial4507,Chebyshev I,5,4,440–565 Hz,0.00018,0.003362,13.08767,506.677111,0.0,501.145136
G80_8_3_0_AccAxial4507.wav,AccAxial4507,Chebyshev I,5,5,565–707 Hz,0.000195,0.002983,11.923712,629.921375,0.0,627.84622
G80_8_3_0_AccAxial4507.wav,AccAxial4507,Chebyshev I,5,6,707–880 Hz,0.000258,0.002957,10.118274,785.42671,0.0,783.142343
G80_8_3_0_AccAxial4507.wav,AccAxial4507,Chebyshev I,5,7,880–1130 Hz,0.000544,0.003678,8.006868,1053.180951,1e-06,1048.25981
G80_8_3_0_AccAxial4507.wav,AccAxial4507,Chebyshev I,5,8,1130–1414 Hz,0.000511,0.003735,7.638614,1225.611357,1e-06,1222.268324
G80_8_3_0_AccAxial4507.wav,AccAxial4507,Chebyshev I,5,9,1414–1760 Hz,0.000867,0.005319,7.163651,1634.136496,2e-06,1632.102689
G80_8_3_0_AccAxial4507.wav,AccAxial4507,Chebyshev I,5,10,1760–2220 Hz,0.000977,0.005758,6.878516,1945.440919,2e-06,1936.242669
G80_8_3_0_AccAxial4507.wav,AccAxial4507,Chebyshev I,5,11,10–1000 Hz,0.001528,0.030799,13.608516,419.931437,1e-06,340.025269
G80_8_3_0_AccAxial4507.wav,AccAxial4507,Chebyshev I,5,12,10–2000 Hz,0.002384,0.041074,11.965378,971.004046,6e-06,815.488168
G80_8_3_0_AccAxial4507.wav,AccAxial4507,Chebyshev I,5,13,500–1500 Hz,0.000872,0.012097,12.312376,986.521298,2e-06,935.757243
G80_8_3_0_AccAxial4507.wav,AccAxial4507,Chebyshev I,5,14,1000–2000 Hz,0.001395,0.011645,8.770381,1652.070946,5e-06,1635.947349
G80_8_3_0_AccAxial4507.wav,AccAxial4507,Chebyshev I,7,0,176–225 Hz,0.000139,0.002871,12.954543,205.319605,0.0,204.091433
G80_8_3_0_AccAxial4507.wav,AccAxial4507,Chebyshev I,7,1,225–283 Hz,0.000174,0.003259,13.345857,250.871358,0.0,249.692593
G80_8_3_0_AccAxial4507.wav,AccAxial4507,Chebyshev I,7,2,283–353 Hz,0.000146,0.002848,12.766401,317.071634,0.0,318.31887
G80_8_3_0_AccAxial4507.wav,AccAxial4507,Chebyshev I,7,3,353–440 Hz,0.000159,0.003054,12.157727,396.278214,0.0,392.302948
G80_8_3_0_AccAxial4507.wav,AccAxial4507,Chebyshev I,7,4,440–565 Hz,0.00018,0.003365,12.840462,506.319297,0.0,500.705389
G80_8_3_0_AccAxial4507.wav,AccAxial4507,Chebyshev I,7,5,565–707 Hz,0.000195,0.003186,12.298973,629.90575,0.0,627.778665
G80_8_3_0_AccAxial4507.wav,AccAxial4507,Chebyshev I,7,6,707–880 Hz,0.000255,0.002992,10.22321,786.368902,0.0,783.343741
G80_8_3_0_AccAxial4507.wav,AccAxial4507,Chebyshev I,7,7,880–1130 Hz,0.000535,0.0034,7.84653,1049.51531,1e-06,1045.590752
G80_8_3_0_AccAxial4507.wav,AccAxial4507,Chebyshev I,7,8,1130–1414 Hz,0.000503,0.00344,7.289619,1226.328547,1e-06,1222.949536
G80_8_3_0_AccAxial4507.wav,AccAxial4507,Chebyshev I,7,9,1414–1760 Hz,0.000855,0.005171,7.056286,1631.322422,2e-06,1629.948491
G80_8_3_0_AccAxial4507.wav,AccAxial4507,Chebyshev I,7,10,1760–2220 Hz,0.000968,0.00567,6.880062,1949.233122,2e-06,1939.465325
G80_8_3_0_AccAxial4507.wav,AccAxial4507,Chebyshev I,7,11,10–1000 Hz,0.001301,0.024839,13.008183,401.551673,1e-06,330.109136
G80_8_3_0_AccAxial4507.wav,AccAxial4507,Chebyshev I,7,12,10–2000 Hz,0.002202,0.035188,11.373356,957.49774,6e-06,810.45616
G80_8_3_0_AccAxial4507.wav,AccAxial4507,Chebyshev I,7,13,500–1500 Hz,0.000854,0.01224,12.485507,968.466535,2e-06,921.499602
G80_8_3_0_AccAxial4507.wav,AccAxial4507,Chebyshev I,7,14,1000–2000 Hz,0.001376,0.011308,8.733056,1642.606844,4e-06,1626.921123
G80_8_3_0_AccAxial4507.wav,AccAxial4507,Chebyshev II,3,0,176–225 Hz,8.1e-05,0.001163,9.335658,199.888333,0.0,199.353846
G80_8_3_0_AccAxial4507.wav,AccAxial4507,Chebyshev II,3,1,225–283 Hz,9.7e-05,0.001278,9.583946,252.174488,0.0,251.350344
G80_8_3_0_AccAxial4507.wav,AccAxial4507,Chebyshev II,3,2,283–353 Hz,7.2e-05,0.00096,9.349566,315.59819,0.0,315.867866
G80_8_3_0_AccAxial4507.wav,AccAxial4507,Chebyshev II,3,3,353–440 Hz,7.8e-05,0.001062,8.934434,394.034454,0.0,392.847631
G80_8_3_0_AccAxial4507.wav,AccAxial4507,Chebyshev II,3,4,440–565 Hz,0.0001,0.001284,9.68488,498.675515,0.0,497.923093
G80_8_3_0_AccAxial4507.wav,AccAxial4507,Chebyshev II,3,5,565–707 Hz,0.000105,0.001261,9.605027,631.676069,0.0,631.098484
G80_8_3_0_AccAxial4507.wav,AccAxial4507,Chebyshev II,3,6,707–880 Hz,0.000137,0.001095,7.661811,787.182967,0.0,786.648663
G80_8_3_0_AccAxial4507.wav,AccAxial4507,Chebyshev II,3,7,880–1130 Hz,0.00027,0.001445,6.350007,1000.319793,0.0,1000.051216
G80_8_3_0_AccAxial4507.wav,AccAxial4507,Chebyshev II,3,8,1130–1414 Hz,0.000231,0.001296,6.49359,1257.309926,0.0,1257.871467
G80_8_3_0_AccAxial4507.wav,AccAxial4507,Chebyshev II,3,9,1414–1760 Hz,0.000579,0.002731,5.920018,1583.542536,1e-06,1582.009075
G80_8_3_0_AccAxial4507.wav,AccAxial4507,Chebyshev II,3,10,1760–2220 Hz,0.000628,0.002883,5.566407,1985.042646,1e-06,1983.976243
G80_8_3_0_AccAxial4507.wav,AccAxial4507,Chebyshev II,3,11,10–1000 Hz,0.000835,0.02164,17.069927,150.920941,1e-06,113.011083
G80_8_3_0_AccAxial4507.wav,AccAxial4507,Chebyshev II,3,12,10–2000 Hz,0.000949,0.025773,17.724648,296.576236,1e-06,186.682417
G80_8_3_0_AccAxial4507.wav,AccAxial4507,Chebyshev II,3,13,500–1500 Hz,0.000435,0.00498,10.640186,866.875487,0.0,861.724538
G80_8_3_0_AccAxial4507.wav,AccAxial4507,Chebyshev II,3,14,1000–2000 Hz,0.000513,0.003945,8.169148,1477.14678,1e-06,1477.066061
G80_8_3_0_AccAxial4507.wav,AccAxial4507,Chebyshev II,5,0,176–225 Hz,0.000112,0.002026,11.062642,201.419589,0.0,200.722955
G80_8_3_0_AccAxial4507.wav,AccAxial4507,Chebyshev II,5,1,225–283 Hz,0.000138,0.002254,11.511554,251.682299,0.0,251.12783
G80_8_3_0_AccAxial4507.wav,AccAxial4507,Chebyshev II,5,2,283–353 Hz,0.000103,0.001746,11.159804,315.959129,0.0,316.850914
G80_8_3_0_AccAxial4507.wav,AccAxial4507,Chebyshev II,5,3,353–440 Hz,0.000122,0.001988,10.693807,394.289143,0.0,392.014002
G80_8_3_0_AccAxial4507.wav,AccAxial4507,Chebyshev II,5,4,440–565 Hz,0.000143,0.002211,11.355015,500.634898,0.0,498.167004
G80_8_3_0_AccAxial4507.wav,AccAxial4507,Chebyshev II,5,5,565–707 Hz,0.000148,0.001941,10.516552,629.908875,0.0,628.6111
G80_8_3_0_AccAxial4507.wav,AccAxial4507,Chebyshev II,5,6,707–880 Hz,0.000197,0.001804,8.496456,788.181409,0.0,786.150365
G80_8_3_0_AccAxial4507.wav,AccAxial4507,Chebyshev II,5,7,880–1130 Hz,0.000393,0.002439,7.271173,1009.627644,0.0,1009.493698
G80_8_3_0_AccAxial4507.wav,AccAxial4507,Chebyshev II,5,8,1130–1414 Hz,0.000355,0.002584,7.520379,1243.912995,0.0,1243.254373
G80_8_3_0_AccAxial4507.wav,AccAxial4507,Chebyshev II,5,9,1414–1760 Hz,0.000725,0.003885,6.423546,1592.50976,1e-06,1590.190366
G80_8_3_0_AccAxial4507.wav,AccAxial4507,Chebyshev II,5,10,1760–2220 Hz,0.000797,0.00398,5.928279,1987.209843,2e-06,1983.514515
G80_8_3_0_AccAxial4507.wav,AccAxial4507,Chebyshev II,5,11,10–1000 Hz,0.001185,0.028518,15.863934,242.365072,1e-06,166.105709
G80_8_3_0_AccAxial4507.wav,AccAxial4507,Chebyshev II,5,12,10–2000 Hz,0.001683,0.041519,15.470903,511.628694,2e-06,398.42637
G80_8_3_0_AccAxial4507.wav,AccAxial4507,Chebyshev II,5,13,500–1500 Hz,0.000744,0.008609,11.595875,936.305464,1e-06,906.979137
G80_8_3_0_AccAxial4507.wav,AccAxial4507,Chebyshev II,5,14,1000–2000 Hz,0.000963,0.007723,8.275138,1514.675061,2e-06,1508.490988
G80_8_3_0_AccAxial4507.wav,AccAxial4507,Chebyshev II,7,0,176–225 Hz,0.00012,0.002249,11.765656,203.039908,0.0,201.70884
G80_8_3_0_AccAxial4507.wav,AccAxial4507,Chebyshev II,7,1,225–283 Hz,0.000158,0.002651,12.08858,251.435423,0.0,250.564772
G80_8_3_0_AccAxial4507.wav,AccAxial4507,Chebyshev II,7,2,283–353 Hz,0.000122,0.002167,11.781227,316.23413,0.0,318.088958
G80_8_3_0_AccAxial4507.wav,AccAxial4507,Chebyshev II,7,3,353–440 Hz,0.000144,0.002481,11.06993,394.498519,0.0,391.780559
G80_8_3_0_AccAxial4507.wav,AccAxial4507,Chebyshev II,7,4,440–565 Hz,0.000164,0.002738,11.700089,501.55834,0.0,498.235482
G80_8_3_0_AccAxial4507.wav,AccAxial4507,Chebyshev II,7,5,565–707 Hz,0.000173,0.002568,11.483706,629.912,0.0,627.527471
G80_8_3_0_AccAxial4507.wav,AccAxial4507,Chebyshev II,7,6,707–880 Hz,0.000226,0.00235,9.357705,788.232972,0.0,785.246602
G80_8_3_0_AccAxial4507.wav,AccAxial4507,Chebyshev II,7,7,880–1130 Hz,0.000457,0.002825,7.513684,1019.113621,0.0,1018.156725
G80_8_3_0_AccAxial4507.wav,AccAxial4507,Chebyshev II,7,8,1130–1414 Hz,0.000422,0.002871,7.205366,1235.503585,0.0,1233.572507
G80_8_3_0_AccAxial4507.wav,AccAxial4507,Chebyshev II,7,9,1414–1760 Hz,0.000788,0.004545,6.859201,1601.9348,1e-06,1600.168407
G80_8_3_0_AccAxial4507.wav,AccAxial4507,Chebyshev II,7,10,1760–2220 Hz,0.000875,0.004773,6.431242,1979.706686,2e-06,1974.571069
G80_8_3_0_AccAxial4507.wav,AccAxial4507,Chebyshev II,7,11,10–1000 Hz,0.001384,0.032378,15.178372,302.46376,1e-06,206.329986
G80_8_3_0_AccAxial4507.wav,AccAxial4507,Chebyshev II,7,12,10–2000 Hz,0.001715,0.035593,13.689581,604.800958,3e-06,501.183817
G80_8_3_0_AccAxial4507.wav,AccAxial4507,Chebyshev II,7,13,500–1500 Hz,0.000823,0.010453,12.036831,932.846074,2e-06,900.265664
G80_8_3_0_AccAxial4507.wav,AccAxial4507,Chebyshev II,7,14,1000–2000 Hz,0.001198,0.009426,8.185834,1546.390818,3e-06,1539.190548
G80_8_3_0_AccAxial4507.wav,AccAxial4507,Elliptical,3,0,176–225 Hz,0.000162,0.003709,14.586383,206.214922,0.0,204.835754
G80_8_3_0_AccAxial4507.wav,AccAxial4507,Elliptical,3,1,225–283 Hz,0.000184,0.003845,14.95386,250.907295,0.0,248.760205
G80_8_3_0_AccAxial4507.wav,AccAxial4507,Elliptical,3,2,283–353 Hz,0.000154,0.003318,13.922358,317.29976,0.0,318.212723
G80_8_3_0_AccAxial4507.wav,AccAxial4507,Elliptical,3,3,353–440 Hz,0.000166,0.003421,13.194475,397.575094,0.0,392.591591
G80_8_3_0_AccAxial4507.wav,AccAxial4507,Elliptical,3,4,440–565 Hz,0.000187,0.003846,14.175691,507.914616,0.0,502.663506
G80_8_3_0_AccAxial4507.wav,AccAxial4507,Elliptical,3,5,565–707 Hz,0.000202,0.003541,13.288771,629.536998,0.0,628.408126
G80_8_3_0_AccAxial4507.wav,AccAxial4507,Elliptical,3,6,707–880 Hz,0.000268,0.003315,10.718569,784.140767,0.0,782.739217
G80_8_3_0_AccAxial4507.wav,AccAxial4507,Elliptical,3,7,880–1130 Hz,0.000568,0.003897,7.828182,1063.571619,1e-06,1057.600053
G80_8_3_0_AccAxial4507.wav,AccAxial4507,Elliptical,3,8,1130–1414 Hz,0.000531,0.003774,7.724053,1226.056671,1e-06,1222.277187
G80_8_3_0_AccAxial4507.wav,AccAxial4507,Elliptical,3,9,1414–1760 Hz,0.000903,0.005708,7.390994,1641.561527,2e-06,1640.018916
G80_8_3_0_AccAxial4507.wav,AccAxial4507,Elliptical,3,10,1760–2220 Hz,0.001006,0.006158,7.049863,1936.825258,2e-06,1926.304902
G80_8_3_0_AccAxial4507.wav,AccAxial4507,Elliptical,3,11,10–1000 Hz,0.001744,0.035667,13.795905,463.003492,2e-06,383.06892
G80_8_3_0_AccAxial4507.wav,AccAxial4507,Elliptical,3,12,10–2000 Hz,0.002476,0.043237,12.25906,1001.369797,6e-06,840.353952
G80_8_3_0_AccAxial4507.wav,AccAxial4507,Elliptical,3,13,500–1500 Hz,0.000942,0.013025,12.24947,1050.904379,2e-06,987.034704
G80_8_3_0_AccAxial4507.wav,AccAxial4507,Elliptical,3,14,1000–2000 Hz,0.001406,0.01207,8.850033,1668.174138,5e-06,1651.725561
G80_8_3_0_AccAxial4507.wav,AccAxial4507,Elliptical,5,0,176–225 Hz,0.000148,0.003162,13.092833,205.25398,0.0,203.993042
G80_8_3_0_AccAxial4507.wav,AccAxial4507,Elliptical,5,1,225–283 Hz,0.000181,0.003474,13.516198,250.957296,0.0,249.587357
G80_8_3_0_AccAxial4507.wav,AccAxial4507,Elliptical,5,2,283–353 Hz,0.000148,0.002953,13.048316,316.73257,0.0,318.16259
G80_8_3_0_AccAxial4507.wav,AccAxial4507,Elliptical,5,3,353–440 Hz,0.000159,0.003029,12.229899,396.262589,0.0,392.111478
G80_8_3_0_AccAxial4507.wav,AccAxial4507,Elliptical,5,4,440–565 Hz,0.000178,0.003281,12.930425,506.120859,0.0,500.746485
G80_8_3_0_AccAxial4507.wav,AccAxial4507,Elliptical,5,5,565–707 Hz,0.000193,0.002904,11.726061,629.876062,0.0,627.827105
G80_8_3_0_AccAxial4507.wav,AccAxial4507,Elliptical,5,6,707–880 Hz,0.000255,0.002863,9.963995,785.973587,0.0,783.259742
G80_8_3_0_AccAxial4507.wav,AccAxial4507,Elliptical,5,7,880–1130 Hz,0.000537,0.003568,7.95072,1049.565311,1e-06,1045.726013
G80_8_3_0_AccAxial4507.wav,AccAxial4507,Elliptical,5,8,1130–1414 Hz,0.000505,0.003634,7.504664,1225.759795,1e-06,1222.54117
G80_8_3_0_AccAxial4507.wav,AccAxial4507,Elliptical,5,9,1414–1760 Hz,0.00086,0.005198,7.047798,1631.552111,2e-06,1629.810346
G80_8_3_0_AccAxial4507.wav,AccAxial4507,Elliptical,5,10,1760–2220 Hz,0.000972,0.005728,6.885097,1948.333118,2e-06,1938.830879
G80_8_3_0_AccAxial4507.wav,AccAxial4507,Elliptical,5,11,10–1000 Hz,0.001645,0.035267,14.177794,398.268847,1e-06,317.045928
G80_8_3_0_AccAxial4507.wav,AccAxial4507,Elliptical,5,12,10–2000 Hz,0.002336,0.040677,12.116258,956.491485,6e-06,810.224937
G80_8_3_0_AccAxial4507.wav,AccAxial4507,Elliptical,5,13,500–1500 Hz,0.000845,0.012081,12.478232,968.811849,2e-06,921.35696
G80_8_3_0_AccAxial4507.wav,AccAxial4507,Elliptical,5,14,1000–2000 Hz,0.001383,0.011536,8.774001,1644.675603,4e-06,1629.668111
G80_8_3_0_AccAxial4507.wav,AccAxial4507,Elliptical,7,0,176–225 Hz,0.000137,0.002779,12.670687,205.491481,0.0,203.998544
G80_8_3_0_AccAxial4507.wav,AccAxial4507,Elliptical,7,1,225–283 Hz,0.000174,0.003203,13.156906,250.388543,0.0,249.836492
G80_8_3_0_AccAxial4507.wav,AccAxial4507,Elliptical,7,2,283–353 Hz,0.000145,0.002776,12.562806,317.476323,0.0,318.473166
G80_8_3_0_AccAxial4507.wav,AccAxial4507,Elliptical,7,3,353–440 Hz,0.000158,0.002979,11.932341,395.504773,0.0,392.145417
G80_8_3_0_AccAxial4507.wav,AccAxial4507,Elliptical,7,4,440–565 Hz,0.000179,0.003297,12.730803,505.89117,0.0,500.386345
G80_8_3_0_AccAxial4507.wav,AccAxial4507,Elliptical,7,5,565–707 Hz,0.000193,0.0031,12.098007,629.46981,0.0,627.73108
G80_8_3_0_AccAxial4507.wav,AccAxial4507,Elliptical,7,6,707–880 Hz,0.000254,0.002933,10.128227,786.359526,0.0,783.114837
G80_8_3_0_AccAxial4507.wav,AccAxial4507,Elliptical,7,7,880–1130 Hz,0.00053,0.003313,7.786196,1047.890304,1e-06,1043.625649
G80_8_3_0_AccAxial4507.wav,AccAxial4507,Elliptical,7,8,1130–1414 Hz,0.000499,0.003332,7.177655,1226.075421,1e-06,1222.806783
G80_8_3_0_AccAxial4507.wav,AccAxial4507,Elliptical,7,9,1414–1760 Hz,0.00085,0.005114,7.0328,1629.572415,2e-06,1627.63956
G80_8_3_0_AccAxial4507.wav,AccAxial4507,Elliptical,7,10,1760–2220 Hz,0.000964,0.005602,6.857638,1949.975312,2e-06,1941.617486
G80_8_3_0_AccAxial4507.wav,AccAxial4507,Elliptical,7,11,10–1000 Hz,0.001613,0.035018,14.120983,372.187488,1e-06,303.970562
G80_8_3_0_AccAxial4507.wav,AccAxial4507,Elliptical,7,12,10–2000 Hz,0.002169,0.035294,11.622308,918.816328,6e-06,799.792585
G80_8_3_0_AccAxial4507.wav,AccAxial4507,Elliptical,7,13,500–1500 Hz,0.000837,0.012312,12.678014,958.178992,2e-06,914.82471
G80_8_3_0_AccAxial4507.wav,AccAxial4507,Elliptical,7,14,1000–2000 Hz,0.001368,0.011216,8.645202,1632.073988,4e-06,1619.089603
G80_8_3_100_AccAxial4507.wav,AccAxial4507,Bessel,3,0,176–225 Hz,0.00023,0.0018,7.976221,199.352831,0.0,198.479477
G80_8_3_100_AccAxial4507.wav,AccAxial4507,Bessel,3,1,225–283 Hz,0.000238,0.001896,8.186594,252.945054,0.0,251.947668
G80_8_3_100_AccAxial4507.wav,AccAxial4507,Bessel,3,2,283–353 Hz,0.000284,0.001755,6.41875,317.293322,0.0,317.85994
G80_8_3_100_AccAxial4507.wav,AccAxial4507,Bessel,3,3,353–440 Hz,0.000281,0.001968,7.227408,395.145646,0.0,393.262745
G80_8_3_100_AccAxial4507.wav,AccAxial4507,Bessel,3,4,440–565 Hz,0.000275,0.001997,7.385157,500.114084,0.0,498.840843
G80_8_3_100_AccAxial4507.wav,AccAxial4507,Bessel,3,5,565–707 Hz,0.000227,0.001775,7.739784,632.990637,0.0,631.689705
G80_8_3_100_AccAxial4507.wav,AccAxial4507,Bessel,3,6,707–880 Hz,0.000248,0.001634,6.601854,793.647307,0.0,793.175578
G80_8_3_100_AccAxial4507.wav,AccAxial4507,Bessel,3,7,880–1130 Hz,0.000461,0.002737,6.165421,1019.136246,0.0,1017.616599
G80_8_3_100_AccAxial4507.wav,AccAxial4507,Bessel,3,8,1130–1414 Hz,0.000341,0.002008,5.988995,1236.709153,0.0,1234.824065
G80_8_3_100_AccAxial4507.wav,AccAxial4507,Bessel,3,9,1414–1760 Hz,0.000679,0.003895,5.797823,1612.84272,1e-06,1612.068029
G80_8_3_100_AccAxial4507.wav,AccAxial4507,Bessel,3,10,1760–2220 Hz,0.000752,0.004582,6.298602,1941.960092,1e-06,1938.502281
G80_8_3_100_AccAxial4507.wav,AccAxial4507,Bessel,3,11,10–1000 Hz,0.001358,0.016908,12.325652,302.705261,1e-06,221.864294
G80_8_3_100_AccAxial4507.wav,AccAxial4507,Bessel,3,12,10–2000 Hz,0.001717,0.023251,13.169864,717.946991,2e-06,548.707172
G80_8_3_100_AccAxial4507.wav,AccAxial4507,Bessel,3,13,500–1500 Hz,0.000789,0.007495,9.631333,1014.276226,1e-06,995.85083
G80_8_3_100_AccAxial4507.wav,AccAxial4507,Bessel,3,14,1000–2000 Hz,0.001005,0.006949,7.200078,1568.710536,1e-06,1553.808835
G80_8_3_100_AccAxial4507.wav,AccAxial4507,Bessel,5,0,176–225 Hz,0.000212,0.001469,7.049859,199.22883,0.0,198.33751
G80_8_3_100_AccAxial4507.wav,AccAxial4507,Bessel,5,1,225–283 Hz,0.00022,0.00163,7.55031,252.645053,0.0,251.850297
G80_8_3_100_AccAxial4507.wav,AccAxial4507,Bessel,5,2,283–353 Hz,0.000265,0.001513,5.921565,316.969321,0.0,317.370333
G80_8_3_100_AccAxial4507.wav,AccAxial4507,Bessel,5,3,353–440 Hz,0.000261,0.001779,7.066582,395.153646,0.0,393.310193
G80_8_3_100_AccAxial4507.wav,AccAxial4507,Bessel,5,4,440–565 Hz,0.000255,0.001818,7.24842,499.978083,0.0,498.808339
G80_8_3_100_AccAxial4507.wav,AccAxial4507,Bessel,5,5,565–707 Hz,0.000211,0.001678,7.834508,633.110638,0.0,631.778566
G80_8_3_100_AccAxial4507.wav,AccAxial4507,Bessel,5,6,707–880 Hz,0.000229,0.001502,6.434157,791.579298,0.0,791.522374
G80_8_3_100_AccAxial4507.wav,AccAxial4507,Bessel,5,7,880–1130 Hz,0.000423,0.002444,5.933493,1014.176226,0.0,1013.115265
G80_8_3_100_AccAxial4507.wav,AccAxial4507,Bessel,5,8,1130–1414 Hz,0.000308,0.001747,5.769492,1241.569173,0.0,1241.000137
G80_8_3_100_AccAxial4507.wav,AccAxial4507,Bessel,5,9,1414–1760 Hz,0.000619,0.003397,5.526248,1602.134676,0.0,1601.814011
G80_8_3_100_AccAxial4507.wav,AccAxial4507,Bessel,5,10,1760–2220 Hz,0.000695,0.004159,6.118213,1953.356139,1e-06,1950.813522
G80_8_3_100_AccAxial4507.wav,AccAxial4507,Bessel,5,11,10–1000 Hz,0.001264,0.015193,12.156542,250.977046,1e-06,188.878266
G80_8_3_100_AccAxial4507.wav,AccAxial4507,Bessel,5,12,10–2000 Hz,0.001563,0.02086,13.026999,604.77852,2e-06,454.86969
G80_8_3_100_AccAxial4507.wav,AccAxial4507,Bessel,5,13,500–1500 Hz,0.000724,0.006915,9.558279,983.856099,1e-06,973.806908
G80_8_3_100_AccAxial4507.wav,AccAxial4507,Bessel,5,14,1000–2000 Hz,0.000882,0.005969,6.990701,1555.486481,1e-06,1544.42587
G80_8_3_100_AccAxial4507.wav,AccAxial4507,Bessel,7,0,176–225 Hz,0.000198,0.001285,6.631584,199.26483,0.0,198.340022
G80_8_3_100_AccAxial4507.wav,AccAxial4507,Bessel,7,1,225–283 Hz,0.000207,0.001475,7.258029,252.637053,0.0,251.83683
G80_8_3_100_AccAxial4507.wav,AccAxial4507,Bessel,7,2,283–353 Hz,0.00025,0.001393,5.76294,317.009321,0.0,317.10191
G80_8_3_100_AccAxial4507.wav,AccAxial4507,Bessel,7,3,353–440 Hz,0.000246,0.001672,7.029719,395.125646,0.0,393.338167
G80_8_3_100_AccAxial4507.wav,AccAxial4507,Bessel,7,4,440–565 Hz,0.000241,0.001738,7.336225,500.078084,0.0,498.736036
G80_8_3_100_AccAxial4507.wav,AccAxial4507,Bessel,7,5,565–707 Hz,0.000199,0.001561,7.739629,633.026638,0.0,631.81256
G80_8_3_100_AccAxial4507.wav,AccAxial4507,Bessel,7,6,707–880 Hz,0.000214,0.001289,5.984018,790.891295,0.0,790.696037
G80_8_3_100_AccAxial4507.wav,AccAxial4507,Bessel,7,7,880–1130 Hz,0.000394,0.002208,5.808094,1010.28021,0.0,1010.247835
G80_8_3_100_AccAxial4507.wav,AccAxial4507,Bessel,7,8,1130–1414 Hz,0.000285,0.001544,5.473112,1245.753191,0.0,1245.068325
G80_8_3_100_AccAxial4507.wav,AccAxial4507,Bessel,7,9,1414–1760 Hz,0.000578,0.003088,5.343652,1595.830649,0.0,1596.035785
G80_8_3_100_AccAxial4507.wav,AccAxial4507,Bessel,7,10,1760–2220 Hz,0.000657,0.003869,5.962999,1959.960167,1e-06,1957.878949
G80_8_3_100_AccAxial4507.wav,AccAxial4507,Bessel,7,11,10–1000 Hz,0.001201,0.013714,11.614392,223.004929,1e-06,171.519972
G80_8_3_100_AccAxial4507.wav,AccAxial4507,Bessel,7,12,10–2000 Hz,0.001448,0.018114,12.382973,526.294193,2e-06,389.871531
G80_8_3_100_AccAxial4507.wav,AccAxial4507,Bessel,7,13,500–1500 Hz,0.000678,0.006261,9.324702,972.604053,0.0,964.327444
G80_8_3_100_AccAxial4507.wav,AccAxial4507,Bessel,7,14,1000–2000 Hz,0.000785,0.005282,6.941611,1545.226438,1e-06,1535.788948
G80_8_3_100_AccAxial4507.wav,AccAxial4507,Butterworth,3,0,176–225 Hz,0.000294,0.002438,8.541968,199.456831,0.0,198.755097
G80_8_3_100_AccAxial4507.wav,AccAxial4507,Butterworth,3,1,225–283 Hz,0.0003,0.002479,8.532035,253.577057,0.0,252.092324
G80_8_3_100_AccAxial4507.wav,AccAxial4507,Butterworth,3,2,283–353 Hz,0.000354,0.002365,6.968865,317.805324,0.0,319.07821
G80_8_3_100_AccAxial4507.wav,AccAxial4507,Butterworth,3,3,353–440 Hz,0.000357,0.002619,7.566561,395.793649,0.0,393.126565
G80_8_3_100_AccAxial4507.wav,AccAxial4507,Butterworth,3,4,440–565 Hz,0.000347,0.002663,7.771541,500.718086,0.0,498.983948
G80_8_3_100_AccAxial4507.wav,AccAxial4507,Butterworth,3,5,565–707 Hz,0.000289,0.002352,8.089642,633.71064,0.0,631.407885
G80_8_3_100_AccAxial4507.wav,AccAxial4507,Butterworth,3,6,707–880 Hz,0.000319,0.002301,7.218185,797.243322,0.0,797.089611
G80_8_3_100_AccAxial4507.wav,AccAxial4507,Butterworth,3,7,880–1130 Hz,0.000601,0.003702,6.379842,1030.400293,0.0,1028.527005
G80_8_3_100_AccAxial4507.wav,AccAxial4507,Butterworth,3,8,1130–1414 Hz,0.000459,0.002747,6.096036,1223.501098,0.0,1221.004756
G80_8_3_100_AccAxial4507.wav,AccAxial4507,Butterworth,3,9,1414–1760 Hz,0.000897,0.005405,6.142255,1636.422818,1e-06,1635.843999
G80_8_3_100_AccAxial4507.wav,AccAxial4507,Butterworth,3,10,1760–2220 Hz,0.000963,0.006076,6.499374,1911.075963,1e-06,1906.432869
G80_8_3_100_AccAxial4507.wav,AccAxial4507,Butterworth,3,11,10–1000 Hz,0.001614,0.020224,12.275151,394.209643,2e-06,310.046406
G80_8_3_100_AccAxial4507.wav,AccAxial4507,Butterworth,3,12,10–2000 Hz,0.002179,0.026771,12.079812,956.683986,4e-06,790.63772
G80_8_3_100_AccAxial4507.wav,AccAxial4507,Butterworth,3,13,500–1500 Hz,0.000999,0.009701,9.820722,1058.28041,1e-06,1033.211981
G80_8_3_100_AccAxial4507.wav,AccAxial4507,Butterworth,3,14,1000–2000 Hz,0.001436,0.010018,7.358619,1592.306635,3e-06,1572.915099
G80_8_3_100_AccAxial4507.wav,AccAxial4507,Butterworth,5,0,176–225 Hz,0.000299,0.002284,7.816494,199.372831,0.0,198.669893
G80_8_3_100_AccAxial4507.wav,AccAxial4507,Butterworth,5,1,225–283 Hz,0.000306,0.002386,8.039478,253.409056,0.0,251.967624
G80_8_3_100_AccAxial4507.wav,AccAxial4507,Butterworth,5,2,283–353 Hz,0.000362,0.002327,6.725581,317.953325,0.0,319.030542
G80_8_3_100_AccAxial4507.wav,AccAxial4507,Butterworth,5,3,353–440 Hz,0.000366,0.00272,7.664669,395.92565,0.0,393.135247
G80_8_3_100_AccAxial4507.wav,AccAxial4507,Butterworth,5,4,440–565 Hz,0.000356,0.002784,7.935929,500.818087,0.0,499.105335
G80_8_3_100_AccAxial4507.wav,AccAxial4507,Butterworth,5,5,565–707 Hz,0.000296,0.002495,8.310694,633.63064,0.0,631.406495
G80_8_3_100_AccAxial4507.wav,AccAxial4507,Butterworth,5,6,707–880 Hz,0.000327,0.00243,7.248648,797.239322,0.0,796.939202
G80_8_3_100_AccAxial4507.wav,AccAxial4507,Butterworth,5,7,880–1130 Hz,0.000619,0.003751,6.183246,1031.696299,0.0,1029.213677
G80_8_3_100_AccAxial4507.wav,AccAxial4507,Butterworth,5,8,1130–1414 Hz,0.00047,0.002719,5.872584,1222.165092,0.0,1220.143804
G80_8_3_100_AccAxial4507.wav,AccAxial4507,Butterworth,5,9,1414–1760 Hz,0.000924,0.00549,6.074871,1637.854824,1e-06,1636.374432
G80_8_3_100_AccAxial4507.wav,AccAxial4507,Butterworth,5,10,1760–2220 Hz,0.00099,0.006226,6.481264,1908.967954,1e-06,1904.049888
G80_8_3_100_AccAxial4507.wav,AccAxial4507,Butterworth,5,11,10–1000 Hz,0.001603,0.019853,12.190216,381.929591,2e-06,305.955187
G80_8_3_100_AccAxial4507.wav,AccAxial4507,Butterworth,5,12,10–2000 Hz,0.002195,0.023715,10.710035,992.492135,4e-06,834.455606
G80_8_3_100_AccAxial4507.wav,AccAxial4507,Butterworth,5,13,500–1500 Hz,0.000994,0.009905,9.949454,1030.996296,1e-06,1008.293962
G80_8_3_100_AccAxial4507.wav,AccAxial4507,Butterworth,5,14,1000–2000 Hz,0.0015,0.010352,7.260496,1596.394652,3e-06,1575.256417
G80_8_3_100_AccAxial4507.wav,AccAxial4507,Butterworth,7,0,176–225 Hz,0.000301,0.002202,7.529636,199.528831,0.0,198.692611
G80_8_3_100_AccAxial4507.wav,AccAxial4507,Butterworth,7,1,225–283 Hz,0.000309,0.002351,7.875446,253.337056,0.0,251.961819
G80_8_3_100_AccAxial4507.wav,AccAxial4507,Butterworth,7,2,283–353 Hz,0.000365,0.00237,6.7897,318.385327,0.0,319.069807
G80_8_3_100_AccAxial4507.wav,AccAxial4507,Butterworth,7,3,353–440 Hz,0.00037,0.002814,7.809137,395.89365,0.0,393.109584
G80_8_3_100_AccAxial4507.wav,AccAxial4507,Butterworth,7,4,440–565 Hz,0.00036,0.00293,8.23812,500.926087,0.0,499.139939
G80_8_3_100_AccAxial4507.wav,AccAxial4507,Butterworth,7,5,565–707 Hz,0.000299,0.002517,8.293486,633.958641,0.0,631.391059
G80_8_3_100_AccAxial4507.wav,AccAxial4507,Butterworth,7,6,707–880 Hz,0.000331,0.002344,7.014562,797.319322,0.0,797.094206
G80_8_3_100_AccAxial4507.wav,AccAxial4507,Butterworth,7,7,880–1130 Hz,0.000627,0.003738,6.120935,1032.568302,0.0,1029.828872
G80_8_3_100_AccAxial4507.wav,AccAxial4507,Butterworth,7,8,1130–1414 Hz,0.000477,0.002677,5.668073,1221.761091,0.0,1219.500959
G80_8_3_100_AccAxial4507.wav,AccAxial4507,Butterworth,7,9,1414–1760 Hz,0.000939,0.005544,6.0609,1639.882833,1e-06,1637.529508
G80_8_3_100_AccAxial4507.wav,AccAxial4507,Butterworth,7,10,1760–2220 Hz,0.001005,0.006255,6.401372,1906.763945,1e-06,1902.005426
G80_8_3_100_AccAxial4507.wav,AccAxial4507,Butterworth,7,11,10–1000 Hz,0.001593,0.01901,11.812814,377.513573,2e-06,305.260499
G80_8_3_100_AccAxial4507.wav,AccAxial4507,Butterworth,7,12,10–2000 Hz,0.002199,0.021478,9.80864,1017.55624,4e-06,863.342377
G80_8_3_100_AccAxial4507.wav,AccAxial4507,Butterworth,7,13,500–1500 Hz,0.000995,0.010056,10.074034,1022.788262,1e-06,1000.850864
G80_8_3_100_AccAxial4507.wav,AccAxial4507,Butterworth,7,14,1000–2000 Hz,0.001525,0.010493,7.235301,1598.48266,3e-06,1576.201025
G80_8_3_100_AccAxial4507.wav,AccAxial4507,Chebyshev I,3,0,176–225 Hz,0.000315,0.0027,8.899807,199.952833,0.0,199.421377
G80_8_3_100_AccAxial4507.wav,AccAxial4507,Chebyshev I,3,1,225–283 Hz,0.000321,0.002695,8.705453,253.857058,0.0,252.545455
G80_8_3_100_AccAxial4507.wav,AccAxial4507,Chebyshev I,3,2,283–353 Hz,0.000377,0.002606,7.247227,319.513331,0.0,320.435194
G80_8_3_100_AccAxial4507.wav,AccAxial4507,Chebyshev I,3,3,353–440 Hz,0.000383,0.00285,7.635237,396.00165,0.0,392.886992
G80_8_3_100_AccAxial4507.wav,AccAxial4507,Chebyshev I,3,4,440–565 Hz,0.000372,0.002929,7.9583,501.59809,0.0,498.670059
G80_8_3_100_AccAxial4507.wav,AccAxial4507,Chebyshev I,3,5,565–707 Hz,0.000312,0.00258,8.198602,634.286643,0.0,630.7483
G80_8_3_100_AccAxial4507.wav,AccAxial4507,Chebyshev I,3,6,707–880 Hz,0.000347,0.002618,7.541924,802.383343,0.0,801.825283
G80_8_3_100_AccAxial4507.wav,AccAxial4507,Chebyshev I,3,7,880–1130 Hz,0.000652,0.00409,6.472188,1039.544331,0.0,1038.335727
G80_8_3_100_AccAxial4507.wav,AccAxial4507,Chebyshev I,3,8,1130–1414 Hz,0.00052,0.003137,6.151137,1212.405052,0.0,1209.527891
G80_8_3_100_AccAxial4507.wav,AccAxial4507,Chebyshev I,3,9,1414–1760 Hz,0.001027,0.006284,6.319273,1660.670919,1e-06,1660.123553
G80_8_3_100_AccAxial4507.wav,AccAxial4507,Chebyshev I,3,10,1760–2220 Hz,0.001087,0.00685,6.552276,1880.607836,2e-06,1876.486808
G80_8_3_100_AccAxial4507.wav,AccAxial4507,Chebyshev I,3,11,10–1000 Hz,0.001711,0.020262,11.546432,486.322026,2e-06,398.155617
G80_8_3_100_AccAxial4507.wav,AccAxial4507,Chebyshev I,3,12,10–2000 Hz,0.002419,0.026547,10.978552,1122.320676,5e-06,968.192681
G80_8_3_100_AccAxial4507.wav,AccAxial4507,Chebyshev I,3,13,500–1500 Hz,0.001071,0.010397,9.840642,1125.50869,1e-06,1084.201839
G80_8_3_100_AccAxial4507.wav,AccAxial4507,Chebyshev I,3,14,1000–2000 Hz,0.001521,0.010706,7.420131,1615.430731,3e-06,1588.22621
G80_8_3_100_AccAxial4507.wav,AccAxial4507,Chebyshev I,5,0,176–225 Hz,0.0003,0.002292,7.832757,200.124834,0.0,198.891709
G80_8_3_100_AccAxial4507.wav,AccAxial4507,Chebyshev I,5,1,225–283 Hz,0.000308,0.002373,7.963972,253.429056,0.0,252.267151
G80_8_3_100_AccAxial4507.wav,AccAxial4507,Chebyshev I,5,2,283–353 Hz,0.000363,0.002344,6.773818,319.057329,0.0,319.760893
G80_8_3_100_AccAxial4507.wav,AccAxial4507,Chebyshev I,5,3,353–440 Hz,0.00037,0.002734,7.597472,396.129651,0.0,393.002746
G80_8_3_100_AccAxial4507.wav,AccAxial4507,Chebyshev I,5,4,440–565 Hz,0.000359,0.002815,7.946766,501.186088,0.0,498.947074
G80_8_3_100_AccAxial4507.wav,AccAxial4507,Chebyshev I,5,5,565–707 Hz,0.000299,0.002505,8.24019,634.010642,0.0,630.898247
G80_8_3_100_AccAxial4507.wav,AccAxial4507,Chebyshev I,5,6,707–880 Hz,0.000333,0.002482,7.272335,800.155334,0.0,799.342764
G80_8_3_100_AccAxial4507.wav,AccAxial4507,Chebyshev I,5,7,880–1130 Hz,0.00063,0.003818,6.153202,1035.856316,0.0,1034.346487
G80_8_3_100_AccAxial4507.wav,AccAxial4507,Chebyshev I,5,8,1130–1414 Hz,0.000489,0.002824,5.845085,1215.297064,0.0,1213.737064
G80_8_3_100_AccAxial4507.wav,AccAxial4507,Chebyshev I,5,9,1414–1760 Hz,0.00097,0.005672,6.033171,1651.17088,1e-06,1649.928633
G80_8_3_100_AccAxial4507.wav,AccAxial4507,Chebyshev I,5,10,1760–2220 Hz,0.001029,0.006451,6.502143,1891.619882,1e-06,1886.948706
G80_8_3_100_AccAxial4507.wav,AccAxial4507,Chebyshev I,5,11,10–1000 Hz,0.001547,0.016099,10.258857,424.933771,2e-06,349.619678
G80_8_3_100_AccAxial4507.wav,AccAxial4507,Chebyshev I,5,12,10–2000 Hz,0.002308,0.023695,10.300146,1100.496585,5e-06,950.030075
G80_8_3_100_AccAxial4507.wav,AccAxial4507,Chebyshev I,5,13,500–1500 Hz,0.000985,0.009847,9.941065,1047.944366,1e-06,1016.291618
G80_8_3_100_AccAxial4507.wav,AccAxial4507,Chebyshev I,5,14,1000–2000 Hz,0.001527,0.010603,7.330486,1611.530715,3e-06,1587.473614
G80_8_3_100_AccAxial4507.wav,AccAxial4507,Chebyshev I,7,0,176–225 Hz,0.000295,0.002137,7.451786,200.156834,0.0,198.811963
G80_8_3_100_AccAxial4507.wav,AccAxial4507,Chebyshev I,7,1,225–283 Hz,0.000303,0.00228,7.788135,253.757057,0.0,252.217904
G80_8_3_100_AccAxial4507.wav,AccAxial4507,Chebyshev I,7,2,283–353 Hz,0.000359,0.002324,6.801616,319.20533,0.0,319.55017
G80_8_3_100_AccAxial4507.wav,AccAxial4507,Chebyshev I,7,3,353–440 Hz,0.000365,0.002746,7.714016,395.94165,0.0,393.023462
G80_8_3_100_AccAxial4507.wav,AccAxial4507,Chebyshev I,7,4,440–565 Hz,0.000355,0.002876,8.192861,500.566086,0.0,498.925622
G80_8_3_100_AccAxial4507.wav,AccAxial4507,Chebyshev I,7,5,565–707 Hz,0.000296,0.002465,8.205534,634.186642,0.0,630.937467
G80_8_3_100_AccAxial4507.wav,AccAxial4507,Chebyshev I,7,6,707–880 Hz,0.000328,0.002295,6.916651,800.207334,0.0,798.793789
G80_8_3_100_AccAxial4507.wav,AccAxial4507,Chebyshev I,7,7,880–1130 Hz,0.000622,0.003684,6.041977,1036.164317,0.0,1033.322783
G80_8_3_100_AccAxial4507.wav,AccAxial4507,Chebyshev I,7,8,1130–1414 Hz,0.000481,0.002632,5.53386,1217.365072,0.0,1215.126336
G80_8_3_100_AccAxial4507.wav,AccAxial4507,Chebyshev I,7,9,1414–1760 Hz,0.000949,0.005524,5.964137,1648.206868,1e-06,1646.912123
G80_8_3_100_AccAxial4507.wav,AccAxial4507,Chebyshev I,7,10,1760–2220 Hz,0.001011,0.006286,6.418428,1893.419889,1e-06,1890.393038
G80_8_3_100_AccAxial4507.wav,AccAxial4507,Chebyshev I,7,11,10–1000 Hz,0.001476,0.014441,9.743714,405.749691,2e-06,335.553443
G80_8_3_100_AccAxial4507.wav,AccAxial4507,Chebyshev I,7,12,10–2000 Hz,0.00223,0.021021,9.524439,1095.824566,5e-06,949.073545
G80_8_3_100_AccAxial4507.wav,AccAxial4507,Chebyshev I,7,13,500–1500 Hz,0.000974,0.009747,9.93975,1032.616303,1e-06,1003.49107
G80_8_3_100_AccAxial4507.wav,AccAxial4507,Chebyshev I,7,14,1000–2000 Hz,0.001495,0.010292,7.236087,1607.122696,3e-06,1583.209803
G80_8_3_100_AccAxial4507.wav,AccAxial4507,Chebyshev II,3,0,176–225 Hz,0.000166,0.000909,5.559989,199.10083,0.0,198.517281
G80_8_3_100_AccAxial4507.wav,AccAxial4507,Chebyshev II,3,1,225–283 Hz,0.000178,0.001061,5.979245,252.353051,0.0,251.679702
G80_8_3_100_AccAxial4507.wav,AccAxial4507,Chebyshev II,3,2,283–353 Hz,0.000215,0.000972,4.605774,316.373318,0.0,316.20429
G80_8_3_100_AccAxial4507.wav,AccAxial4507,Chebyshev II,3,3,353–440 Hz,0.000207,0.00116,5.667209,394.757645,0.0,393.46647
G80_8_3_100_AccAxial4507.wav,AccAxial4507,Chebyshev II,3,4,440–565 Hz,0.000203,0.00114,5.717358,499.402081,0.0,498.461826
G80_8_3_100_AccAxial4507.wav,AccAxial4507,Chebyshev II,3,5,565–707 Hz,0.000168,0.00106,6.220293,632.458635,0.0,631.627935
G80_8_3_100_AccAxial4507.wav,AccAxial4507,Chebyshev II,3,6,707–880 Hz,0.00018,0.000889,4.898168,789.267289,0.0,788.877622
G80_8_3_100_AccAxial4507.wav,AccAxial4507,Chebyshev II,3,7,880–1130 Hz,0.000322,0.001579,4.900825,1001.980175,0.0,1001.456338
G80_8_3_100_AccAxial4507.wav,AccAxial4507,Chebyshev II,3,8,1130–1414 Hz,0.00023,0.001102,4.824472,1258.265243,0.0,1257.602287
G80_8_3_100_AccAxial4507.wav,AccAxial4507,Chebyshev II,3,9,1414–1760 Hz,0.000492,0.002323,4.751512,1582.218593,0.0,1582.485847
G80_8_3_100_AccAxial4507.wav,AccAxial4507,Chebyshev II,3,10,1760–2220 Hz,0.000578,0.003214,5.298945,1975.12423,0.0,1974.137266
G80_8_3_100_AccAxial4507.wav,AccAxial4507,Chebyshev II,3,11,10–1000 Hz,0.001084,0.013476,12.54643,152.396635,1e-06,124.966289
G80_8_3_100_AccAxial4507.wav,AccAxial4507,Chebyshev II,3,12,10–2000 Hz,0.001253,0.015321,12.457447,275.509148,1e-06,212.057915
G80_8_3_100_AccAxial4507.wav,AccAxial4507,Chebyshev II,3,13,500–1500 Hz,0.000529,0.004095,7.90318,912.851804,0.0,910.973845
G80_8_3_100_AccAxial4507.wav,AccAxial4507,Chebyshev II,3,14,1000–2000 Hz,0.000487,0.003084,6.376942,1482.802178,0.0,1481.35093
G80_8_3_100_AccAxial4507.wav,AccAxial4507,Chebyshev II,5,0,176–225 Hz,0.000236,0.00146,6.268601,198.904829,0.0,198.183424
G80_8_3_100_AccAxial4507.wav,AccAxial4507,Chebyshev II,5,1,225–283 Hz,0.000243,0.001687,7.021656,252.485052,0.0,251.918646
G80_8_3_100_AccAxial4507.wav,AccAxial4507,Chebyshev II,5,2,283–353 Hz,0.000293,0.00154,5.429798,317.461323,0.0,317.394925
G80_8_3_100_AccAxial4507.wav,AccAxial4507,Chebyshev II,5,3,353–440 Hz,0.00029,0.001861,6.656186,394.525644,0.0,393.174011
G80_8_3_100_AccAxial4507.wav,AccAxial4507,Chebyshev II,5,4,440–565 Hz,0.000283,0.001856,6.674988,499.774082,0.0,498.848301
G80_8_3_100_AccAxial4507.wav,AccAxial4507,Chebyshev II,5,5,565–707 Hz,0.000234,0.001753,7.383272,633.282639,0.0,631.912751
G80_8_3_100_AccAxial4507.wav,AccAxial4507,Chebyshev II,5,6,707–880 Hz,0.000254,0.001541,5.955594,790.875295,0.0,790.779745
G80_8_3_100_AccAxial4507.wav,AccAxial4507,Chebyshev II,5,7,880–1130 Hz,0.00047,0.002585,5.598231,1012.940221,0.0,1011.799908
G80_8_3_100_AccAxial4507.wav,AccAxial4507,Chebyshev II,5,8,1130–1414 Hz,0.00034,0.001832,5.445722,1243.25318,0.0,1243.259267
G80_8_3_100_AccAxial4507.wav,AccAxial4507,Chebyshev II,5,9,1414–1760 Hz,0.000667,0.003547,5.217958,1596.07065,1e-06,1596.512883
G80_8_3_100_AccAxial4507.wav,AccAxial4507,Chebyshev II,5,10,1760–2220 Hz,0.000749,0.004389,5.835321,1957.752157,1e-06,1956.293537
G80_8_3_100_AccAxial4507.wav,AccAxial4507,Chebyshev II,5,11,10–1000 Hz,0.001345,0.015275,11.521463,238.216993,2e-06,197.449055
G80_8_3_100_AccAxial4507.wav,AccAxial4507,Chebyshev II,5,12,10–2000 Hz,0.001691,0.024082,13.826741,540.170251,2e-06,429.725982
G80_8_3_100_AccAxial4507.wav,AccAxial4507,Chebyshev II,5,13,500–1500 Hz,0.000847,0.007391,8.760933,996.844154,1e-06,989.192005
G80_8_3_100_AccAxial4507.wav,AccAxial4507,Chebyshev II,5,14,1000–2000 Hz,0.001001,0.006364,6.566497,1544.190434,1e-06,1537.20594
G80_8_3_100_AccAxial4507.wav,AccAxial4507,Chebyshev II,7,0,176–225 Hz,0.000266,0.001744,6.689537,199.22483,0.0,198.149284
G80_8_3_100_AccAxial4507.wav,AccAxial4507,Chebyshev II,7,1,225–283 Hz,0.000275,0.001943,7.229767,252.281051,0.0,251.853131
G80_8_3_100_AccAxial4507.wav,AccAxial4507,Chebyshev II,7,2,283–353 Hz,0.000327,0.001896,6.017575,317.933325,0.0,317.977172
G80_8_3_100_AccAxial4507.wav,AccAxial4507,Chebyshev II,7,3,353–440 Hz,0.000327,0.00229,7.220941,395.677649,0.0,393.409932
G80_8_3_100_AccAxial4507.wav,AccAxial4507,Chebyshev II,7,4,440–565 Hz,0.000319,0.002369,7.539008,500.102084,0.0,499.286826
G80_8_3_100_AccAxial4507.wav,AccAxial4507,Chebyshev II,7,5,565–707 Hz,0.000263,0.002053,7.693803,633.69864,0.0,631.959579
G80_8_3_100_AccAxial4507.wav,AccAxial4507,Chebyshev II,7,6,707–880 Hz,0.000289,0.001766,6.06602,793.163305,0.0,792.764867
G80_8_3_100_AccAxial4507.wav,AccAxial4507,Chebyshev II,7,7,880–1130 Hz,0.000545,0.003092,5.898937,1021.036254,0.0,1019.22272
G80_8_3_100_AccAxial4507.wav,AccAxial4507,Chebyshev II,7,8,1130–1414 Hz,0.000398,0.00211,5.340343,1234.345143,0.0,1233.119511
G80_8_3_100_AccAxial4507.wav,AccAxial4507,Chebyshev II,7,9,1414–1760 Hz,0.000774,0.004261,5.510958,1610.902712,1e-06,1610.387323
G80_8_3_100_AccAxial4507.wav,AccAxial4507,Chebyshev II,7,10,1760–2220 Hz,0.000844,0.005091,5.938869,1938.508077,1e-06,1937.020323
G80_8_3_100_AccAxial4507.wav,AccAxial4507,Chebyshev II,7,11,10–1000 Hz,0.001469,0.018871,12.802081,284.017183,2e-06,230.175606
G80_8_3_100_AccAxial4507.wav,AccAxial4507,Chebyshev II,7,12,10–2000 Hz,0.00176,0.020949,11.721822,654.502727,3e-06,530.919672
G80_8_3_100_AccAxial4507.wav,AccAxial4507,Chebyshev II,7,13,500–1500 Hz,0.000922,0.008472,9.214017,1008.944204,1e-06,996.573282
G80_8_3_100_AccAxial4507.wav,AccAxial4507,Chebyshev II,7,14,1000–2000 Hz,0.001333,0.008761,6.852782,1577.162572,2e-06,1564.012068
G80_8_3_100_AccAxial4507.wav,AccAxial4507,Elliptical,3,0,176–225 Hz,0.000313,0.002645,8.764855,200.188834,0.0,199.348309
G80_8_3_100_AccAxial4507.wav,AccAxial4507,Elliptical,3,1,225–283 Hz,0.000319,0.00265,8.603189,253.801058,0.0,252.487822
G80_8_3_100_AccAxial4507.wav,AccAxial4507,Elliptical,3,2,283–353 Hz,0.000375,0.002565,7.167405,319.24533,0.0,320.329422
G80_8_3_100_AccAxial4507.wav,AccAxial4507,Elliptical,3,3,353–440 Hz,0.000381,0.002813,7.572563,395.94965,0.0,392.895654
G80_8_3_100_AccAxial4507.wav,AccAxial4507,Elliptical,3,4,440–565 Hz,0.00037,0.002888,7.886144,501.206088,0.0,498.712559
G80_8_3_100_AccAxial4507.wav,AccAxial4507,Elliptical,3,5,565–707 Hz,0.00031,0.002539,8.119862,633.998642,0.0,630.765703
G80_8_3_100_AccAxial4507.wav,AccAxial4507,Elliptical,3,6,707–880 Hz,0.000345,0.002568,7.441047,801.67934,0.0,801.434565
G80_8_3_100_AccAxial4507.wav,AccAxial4507,Elliptical,3,7,880–1130 Hz,0.000649,0.004045,6.422398,1038.504327,0.0,1037.752314
G80_8_3_100_AccAxial4507.wav,AccAxial4507,Elliptical,3,8,1130–1414 Hz,0.000515,0.003075,6.084151,1212.941054,0.0,1209.99173
G80_8_3_100_AccAxial4507.wav,AccAxial4507,Elliptical,3,9,1414–1760 Hz,0.001021,0.006209,6.28127,1659.502915,1e-06,1658.741224
G80_8_3_100_AccAxial4507.wav,AccAxial4507,Elliptical,3,10,1760–2220 Hz,0.001081,0.006794,6.525673,1881.995842,2e-06,1877.880303
G80_8_3_100_AccAxial4507.wav,AccAxial4507,Elliptical,3,11,10–1000 Hz,0.001708,0.020591,11.745649,478.161992,2e-06,391.285356
G80_8_3_100_AccAxial4507.wav,AccAxial4507,Elliptical,3,12,10–2000 Hz,0.002415,0.026667,11.052618,1119.864666,5e-06,965.800364
G80_8_3_100_AccAxial4507.wav,AccAxial4507,Elliptical,3,13,500–1500 Hz,0.001054,0.010316,9.886684,1109.348622,1e-06,1070.692129
G80_8_3_100_AccAxial4507.wav,AccAxial4507,Elliptical,3,14,1000–2000 Hz,0.001516,0.010668,7.41172,1614.330726,3e-06,1588.332601
G80_8_3_100_AccAxial4507.wav,AccAxial4507,Elliptical,5,0,176–225 Hz,0.000297,0.002235,7.684057,200.304835,0.0,198.807947
G80_8_3_100_AccAxial4507.wav,AccAxial4507,Elliptical,5,1,225–283 Hz,0.000306,0.002319,7.833608,253.637057,0.0,252.182371
G80_8_3_100_AccAxial4507.wav,AccAxial4507,Elliptical,5,2,283–353 Hz,0.00036,0.002291,6.675249,318.797328,0.0,319.530136
G80_8_3_100_AccAxial4507.wav,AccAxial4507,Elliptical,5,3,353–440 Hz,0.000366,0.002682,7.521074,396.217651,0.0,393.06471
G80_8_3_100_AccAxial4507.wav,AccAxial4507,Elliptical,5,4,440–565 Hz,0.000356,0.002766,7.885645,500.970087,0.0,498.990264
G80_8_3_100_AccAxial4507.wav,AccAxial4507,Elliptical,5,5,565–707 Hz,0.000297,0.002442,8.114542,634.134642,0.0,630.934164
G80_8_3_100_AccAxial4507.wav,AccAxial4507,Elliptical,5,6,707–880 Hz,0.000329,0.002399,7.100284,799.903333,0.0,798.813002
G80_8_3_100_AccAxial4507.wav,AccAxial4507,Elliptical,5,7,880–1130 Hz,0.000624,0.003741,6.075401,1036.028317,0.0,1033.442608
G80_8_3_100_AccAxial4507.wav,AccAxial4507,Elliptical,5,8,1130–1414 Hz,0.000482,0.002725,5.71998,1217.101071,0.0,1214.915208
G80_8_3_100_AccAxial4507.wav,AccAxial4507,Elliptical,5,9,1414–1760 Hz,0.000955,0.00557,5.955628,1648.70687,1e-06,1646.960233
G80_8_3_100_AccAxial4507.wav,AccAxial4507,Elliptical,5,10,1760–2220 Hz,0.001016,0.00634,6.452992,1893.327889,1e-06,1890.271717
G80_8_3_100_AccAxial4507.wav,AccAxial4507,Elliptical,5,11,10–1000 Hz,0.001583,0.019324,11.968085,401.929675,2e-06,330.250608
G80_8_3_100_AccAxial4507.wav,AccAxial4507,Elliptical,5,12,10–2000 Hz,0.00227,0.023065,10.176428,1088.316535,5e-06,936.080125
G80_8_3_100_AccAxial4507.wav,AccAxial4507,Elliptical,5,13,500–1500 Hz,0.000963,0.009584,9.885329,1033.088305,1e-06,1002.698255
G80_8_3_100_AccAxial4507.wav,AccAxial4507,Elliptical,5,14,1000–2000 Hz,0.001516,0.010437,7.264526,1610.30271,3e-06,1586.226266
G80_8_3_100_AccAxial4507.wav,AccAxial4507,Elliptical,7,0,176–225 Hz,0.000293,0.002105,7.378416,200.180834,0.0,198.779819
G80_8_3_100_AccAxial4507.wav,AccAxial4507,Elliptical,7,1,225–283 Hz,0.000303,0.002248,7.684116,253.593057,0.0,252.180401
G80_8_3_100_AccAxial4507.wav,AccAxial4507,Elliptical,7,2,283–353 Hz,0.000356,0.002273,6.687118,319.873333,0.0,319.4404
G80_8_3_100_AccAxial4507.wav,AccAxial4507,Elliptical,7,3,353–440 Hz,0.000362,0.002709,7.680349,394.865645,0.0,393.051231
G80_8_3_100_AccAxial4507.wav,AccAxial4507,Elliptical,7,4,440–565 Hz,0.000352,0.002832,8.151941,500.602086,0.0,499.13812
G80_8_3_100_AccAxial4507.wav,AccAxial4507,Elliptical,7,5,565–707 Hz,0.000294,0.002404,8.070051,633.55864,0.0,631.048749
G80_8_3_100_AccAxial4507.wav,AccAxial4507,Elliptical,7,6,707–880 Hz,0.000325,0.002216,6.754472,799.823333,0.0,798.144746
G80_8_3_100_AccAxial4507.wav,AccAxial4507,Elliptical,7,7,880–1130 Hz,0.000618,0.003646,6.023703,1035.120313,0.0,1032.567544
G80_8_3_100_AccAxial4507.wav,AccAxial4507,Elliptical,7,8,1130–1414 Hz,0.000475,0.002586,5.481367,1218.461077,0.0,1216.21327
G80_8_3_100_AccAxial4507.wav,AccAxial4507,Elliptical,7,9,1414–1760 Hz,0.000943,0.005461,5.891519,1646.846862,1e-06,1644.851229
G80_8_3_100_AccAxial4507.wav,AccAxial4507,Elliptical,7,10,1760–2220 Hz,0.001002,0.006236,6.39385,1896.747903,1e-06,1892.966133
G80_8_3_100_AccAxial4507.wav,AccAxial4507,Elliptical,7,11,10–1000 Hz,0.001594,0.020691,12.708115,387.209613,2e-06,317.428076
G80_8_3_100_AccAxial4507.wav,AccAxial4507,Elliptical,7,12,10–2000 Hz,0.002231,0.020857,9.437339,1088.628536,5e-06,937.521706
G80_8_3_100_AccAxial4507.wav,AccAxial4507,Elliptical,7,13,500–1500 Hz,0.000954,0.009479,9.862077,1024.428268,1e-06,997.128135
G80_8_3_100_AccAxial4507.wav,AccAxial4507,Elliptical,7,14,1000–2000 Hz,0.001507,0.010288,7.212168,1606.914695,3e-06,1583.717757
